0,CO2e,FoodName,KCALS,PROT,ENGFIB,TOTSUG,FAT
0,59.70179986801572,DIGESTIVE PLAIN,87.1985278829378,1.1676692718665531,0.5085011345225314,3.2958406867201107,4.011508950122192
4,163.05883040517946,BROWN BREAD TOASTED,291.89543714507437,11.776471084818516,4.8313727527460575,5.737255143885944,3.2209151684973722
14,1033.505080152323,CHEESE FETA,232.7714144487214,14.524936261600216,0.0,1.3966284866923282,18.807930287456685
15,685.5348628377832,CHICKEN ROAST LIGHT MEAT ONLY,249.73055717662098,49.293221089764394,0.0,0.0,5.876013110038141